{"cameraMode":{"drawMode":0,"name":"Shaded","section":"Shading Mode"},"sceneLighting":false,"audioPlay":false,"sceneViewState":{"showFog":true,"showMaterialUpdate":false,"showSkybox":false,"showFlares":true,"showImageEffects":true,"showParticleSystems":true},"in2DMode":false,"pivot":{"x":1234.1273193359375,"y":479.04302978515627,"z":30.9052734375},"rotation":{"x":0.017099667340517045,"y":0.01950196921825409,"z":-0.0003188080445397645,"w":0.9997296333312988},"size":10.0,"orthographic":false}