{"cameraMode":{"drawMode":0,"name":"Shaded","section":"Shading Mode"},"sceneLighting":true,"audioPlay":false,"sceneViewState":{"showFog":true,"showMaterialUpdate":false,"showSkybox":true,"showFlares":true,"showImageEffects":true,"showParticleSystems":true},"in2DMode":false,"pivot":{"x":0.000985860824584961,"y":1.3586161136627198,"z":1.7345870733261109},"rotation":{"x":0.06753643602132797,"y":0.12240982800722122,"z":-0.008352501317858696,"w":0.990165650844574},"size":3.506546974182129,"orthographic":false}