{"cameraMode":{"drawMode":0,"name":"Shaded","section":"Shading Mode"},"sceneLighting":false,"audioPlay":false,"sceneViewState":{"showFog":true,"showMaterialUpdate":false,"showSkybox":false,"showFlares":true,"showImageEffects":true,"showParticleSystems":true},"in2DMode":false,"pivot":{"x":1046.9996337890625,"y":286.0918273925781,"z":-82.46574401855469},"rotation":{"x":0.06954476982355118,"y":0.014974713325500489,"z":-0.0009570404072292149,"w":0.9975413680076599},"size":314.6595458984375,"orthographic":false}