{"cameraMode":{"drawMode":0,"name":"Shaded","section":"Shading Mode"},"sceneLighting":true,"audioPlay":false,"sceneViewState":{"showFog":true,"showMaterialUpdate":false,"showSkybox":true,"showFlares":true,"showImageEffects":true,"showParticleSystems":true},"in2DMode":false,"pivot":{"x":3.7052948474884035,"y":0.4861595630645752,"z":2.4232358932495119},"rotation":{"x":0.1630120426416397,"y":0.5523778796195984,"z":-0.11117884516716004,"w":0.8100050091743469},"size":3.30466365814209,"orthographic":false}