{"cameraMode":{"drawMode":0,"name":"Shaded","section":"Shading Mode"},"sceneLighting":false,"audioPlay":false,"sceneViewState":{"showFog":true,"showMaterialUpdate":false,"showSkybox":false,"showFlares":true,"showImageEffects":true,"showParticleSystems":true},"in2DMode":false,"pivot":{"x":1224.2108154296875,"y":773.1592407226563,"z":109.5263671875},"rotation":{"x":0.04234836995601654,"y":0.10770725458860398,"z":-0.0045525380410254,"w":0.9933441877365112},"size":998.7601318359375,"orthographic":false}