{"cameraMode":{"drawMode":0,"name":"Shaded","section":"Shading Mode"},"sceneLighting":false,"audioPlay":false,"sceneViewState":{"showFog":true,"showMaterialUpdate":false,"showSkybox":false,"showFlares":true,"showImageEffects":true,"showParticleSystems":true},"in2DMode":false,"pivot":{"x":568.35400390625,"y":66.0449447631836,"z":1.506591796875},"rotation":{"x":0.03509781137108803,"y":0.0030059986747801306,"z":-0.000012235850590514019,"w":0.9994538426399231},"size":111.31444549560547,"orthographic":false}