{"cameraMode":{"drawMode":0,"name":"Shaded","section":"Shading Mode"},"sceneLighting":false,"audioPlay":false,"sceneViewState":{"showFog":true,"showMaterialUpdate":false,"showSkybox":false,"showFlares":true,"showImageEffects":true,"showParticleSystems":true},"in2DMode":false,"pivot":{"x":-0.8481329679489136,"y":4.600557804107666,"z":0.17213620245456696},"rotation":{"x":0.06875332444906235,"y":-0.697916567325592,"z":0.06765539199113846,"w":0.7097491025924683},"size":4.987542629241943,"orthographic":false}