{"cameraMode":{"drawMode":0,"name":"Shaded","section":"Shading Mode"},"sceneLighting":true,"audioPlay":false,"sceneViewState":{"showFog":true,"showMaterialUpdate":false,"showSkybox":true,"showFlares":true,"showImageEffects":true,"showParticleSystems":true},"in2DMode":false,"pivot":{"x":-0.22914373874664308,"y":0.3876587152481079,"z":-0.5370426177978516},"rotation":{"x":-0.10027924180030823,"y":-0.10962434113025665,"z":0.011556081473827362,"w":-0.9889593720436096},"size":2.6201534271240236,"orthographic":false}