{"cameraMode":{"drawMode":0,"name":"Shaded","section":"Shading Mode"},"sceneLighting":false,"audioPlay":false,"sceneViewState":{"showFog":true,"showMaterialUpdate":false,"showSkybox":false,"showFlares":true,"showImageEffects":true,"showParticleSystems":true},"in2DMode":false,"pivot":{"x":976.5307006835938,"y":261.91473388671877,"z":223.533203125},"rotation":{"x":0.06954476982355118,"y":0.014974713325500489,"z":-0.0009570404072292149,"w":0.9975413680076599},"size":338.2984924316406,"orthographic":false}