{"cameraMode":{"drawMode":0,"name":"Shaded","section":"Shading Mode"},"sceneLighting":false,"audioPlay":false,"sceneViewState":{"showFog":true,"showMaterialUpdate":false,"showSkybox":false,"showFlares":true,"showImageEffects":true,"showParticleSystems":true},"in2DMode":false,"pivot":{"x":911.4823608398438,"y":242.894287109375,"z":421.64056396484377},"rotation":{"x":0.1290445178747177,"y":0.05651145428419113,"z":-0.0072755287401378159,"w":0.9900758862495422},"size":514.9395141601563,"orthographic":false}