{"cameraMode":{"drawMode":0,"name":"Shaded","section":"Shading Mode"},"sceneLighting":false,"audioPlay":false,"sceneViewState":{"showFog":true,"showMaterialUpdate":false,"showSkybox":false,"showFlares":true,"showImageEffects":true,"showParticleSystems":true},"in2DMode":false,"pivot":{"x":665.7530517578125,"y":681.1006469726563,"z":-218.9154052734375},"rotation":{"x":0.1172010749578476,"y":-0.04763894900679588,"z":0.005719400476664305,"w":0.9920270442962647},"size":856.66455078125,"orthographic":false}