{"cameraMode":{"drawMode":0,"name":"Shaded","section":"Shading Mode"},"sceneLighting":false,"audioPlay":false,"sceneViewState":{"showFog":true,"showMaterialUpdate":false,"showSkybox":false,"showFlares":true,"showImageEffects":true,"showParticleSystems":true},"in2DMode":false,"pivot":{"x":1680.76318359375,"y":406.3161926269531,"z":-1.080078125},"rotation":{"x":0.008102791383862496,"y":0.0015046739717945457,"z":0.0000024578380362072495,"w":1.00003182888031},"size":450.2021179199219,"orthographic":false}