{"cameraMode":{"drawMode":0,"name":"Shaded","section":"Shading Mode"},"sceneLighting":true,"audioPlay":false,"sceneViewState":{"showFog":true,"showMaterialUpdate":false,"showSkybox":true,"showFlares":true,"showImageEffects":true,"showParticleSystems":true},"in2DMode":false,"pivot":{"x":-0.48352766036987307,"y":-2.978391408920288,"z":1.187208652496338},"rotation":{"x":-0.5122033953666687,"y":0.10632504522800446,"z":0.06416197866201401,"w":0.8498736023902893},"size":1.3163254261016846,"orthographic":false}