{"cameraMode":{"drawMode":0,"name":"Shaded","section":"Shading Mode"},"sceneLighting":false,"audioPlay":false,"sceneViewState":{"showFog":true,"showMaterialUpdate":false,"showSkybox":false,"showFlares":true,"showImageEffects":true,"showParticleSystems":true},"in2DMode":false,"pivot":{"x":899.51171875,"y":612.6140747070313,"z":31.26025390625},"rotation":{"x":0.06098334118723869,"y":0.18606291711330415,"z":-0.011545653454959393,"w":0.9806463718414307},"size":912.6005859375,"orthographic":false}