{"cameraMode":{"drawMode":0,"name":"Shaded","section":"Shading Mode"},"sceneLighting":false,"audioPlay":false,"sceneViewState":{"showFog":true,"showMaterialUpdate":false,"showSkybox":false,"showFlares":true,"showImageEffects":true,"showParticleSystems":true},"in2DMode":false,"pivot":{"x":969.278076171875,"y":323.83294677734377,"z":20.2449951171875},"rotation":{"x":0.06504800170660019,"y":-0.017947811633348466,"z":0.0013345656916499138,"w":0.9977952241897583},"size":516.3516845703125,"orthographic":false}