{"cameraMode":{"drawMode":0,"name":"Shaded","section":"Shading Mode"},"sceneLighting":false,"audioPlay":false,"sceneViewState":{"showFog":true,"showMaterialUpdate":false,"showSkybox":false,"showFlares":true,"showImageEffects":true,"showParticleSystems":true},"in2DMode":false,"pivot":{"x":709.2929077148438,"y":300.586181640625,"z":282.9813232421875},"rotation":{"x":0.0746588334441185,"y":0.15198753774166108,"z":-0.011475862935185433,"w":0.9855664372444153},"size":560.8436889648438,"orthographic":false}