{"cameraMode":{"drawMode":0,"name":"Shaded","section":"Shading Mode"},"sceneLighting":true,"audioPlay":false,"sceneViewState":{"showFog":true,"showMaterialUpdate":false,"showSkybox":true,"showFlares":true,"showImageEffects":true,"showParticleSystems":true},"in2DMode":false,"pivot":{"x":0.04537448287010193,"y":-0.06603527069091797,"z":-0.03155374526977539},"rotation":{"x":0.41008153557777407,"y":0.04130972921848297,"z":-0.018586676567792894,"w":0.9109339118003845},"size":3.682880401611328,"orthographic":false}