{"cameraMode":{"drawMode":0,"name":"Shaded","section":"Shading Mode"},"sceneLighting":false,"audioPlay":false,"sceneViewState":{"showFog":true,"showMaterialUpdate":false,"showSkybox":false,"showFlares":true,"showImageEffects":true,"showParticleSystems":true},"in2DMode":false,"pivot":{"x":1631.40625,"y":783.3731689453125,"z":-126.54046630859375},"rotation":{"x":0.1385481059551239,"y":-0.13040804862976075,"z":0.017635447904467584,"w":0.9817232489585877},"size":541.0242309570313,"orthographic":false}