{"cameraMode":{"drawMode":0,"name":"Shaded","section":"Shading Mode"},"sceneLighting":false,"audioPlay":false,"sceneViewState":{"showFog":true,"showMaterialUpdate":false,"showSkybox":false,"showFlares":true,"showImageEffects":true,"showParticleSystems":true},"in2DMode":false,"pivot":{"x":-0.22914373874664308,"y":0.3876587152481079,"z":-0.5370426177978516},"rotation":{"x":0.05542592331767082,"y":0.2576555013656616,"z":-0.015613523311913014,"w":0.964672863483429},"size":10.0,"orthographic":false}