{"cameraMode":{"drawMode":0,"name":"Shaded","section":"Shading Mode"},"sceneLighting":false,"audioPlay":false,"sceneViewState":{"showFog":true,"showMaterialUpdate":false,"showSkybox":false,"showFlares":true,"showImageEffects":true,"showParticleSystems":true},"in2DMode":false,"pivot":{"x":329.76104736328127,"y":334.33258056640627,"z":-54.02716064453125},"rotation":{"x":-0.07374347001314163,"y":-0.004494489170610905,"z":-0.0000956089497776702,"w":-0.9973140954971314},"size":464.32635498046877,"orthographic":false}