{"cameraMode":{"drawMode":0,"name":"Shaded","section":"Shading Mode"},"sceneLighting":true,"audioPlay":false,"sceneViewState":{"showFog":true,"showMaterialUpdate":false,"showSkybox":true,"showFlares":true,"showImageEffects":true,"showParticleSystems":true},"in2DMode":false,"pivot":{"x":-0.8190000057220459,"y":2.9779999256134035,"z":0.17949998378753663},"rotation":{"x":0.26433417201042178,"y":-0.0929315909743309,"z":0.025920623913407327,"w":0.9596742391586304},"size":7.666479587554932,"orthographic":false}