{"cameraMode":{"drawMode":0,"name":"Shaded","section":"Shading Mode"},"sceneLighting":false,"audioPlay":false,"sceneViewState":{"showFog":true,"showMaterialUpdate":false,"showSkybox":false,"showFlares":true,"showImageEffects":true,"showParticleSystems":true},"in2DMode":false,"pivot":{"x":1656.560791015625,"y":513.7493896484375,"z":25.486572265625},"rotation":{"x":-0.07374347001314163,"y":-0.004494489170610905,"z":-0.0000956089497776702,"w":-0.9973140954971314},"size":806.7161254882813,"orthographic":false}