{"cameraMode":{"drawMode":0,"name":"Shaded","section":"Shading Mode"},"sceneLighting":true,"audioPlay":false,"sceneViewState":{"showFog":true,"showMaterialUpdate":false,"showSkybox":true,"showFlares":true,"showImageEffects":true,"showParticleSystems":true},"in2DMode":false,"pivot":{"x":129.81381225585938,"y":599.645751953125,"z":-99.7041015625},"rotation":{"x":-0.0242327693849802,"y":0.061460480093955997,"z":-0.0019131751032546163,"w":-0.9978581666946411},"size":1170.447021484375,"orthographic":false}