{"cameraMode":{"drawMode":0,"name":"Shaded","section":"Shading Mode"},"sceneLighting":true,"audioPlay":false,"sceneViewState":{"showFog":true,"showMaterialUpdate":false,"showSkybox":true,"showFlares":true,"showImageEffects":true,"showParticleSystems":true},"in2DMode":false,"pivot":{"x":6.670461177825928,"y":-0.41940349340438845,"z":2.1679277420043947},"rotation":{"x":0.037903618067502978,"y":-0.9577487707138062,"z":0.1445571929216385,"w":0.24609482288360597},"size":7.660547256469727,"orthographic":false}