{"cameraMode":{"drawMode":0,"name":"Shaded","section":"Shading Mode"},"sceneLighting":true,"audioPlay":false,"sceneViewState":{"showFog":true,"showMaterialUpdate":false,"showSkybox":true,"showFlares":true,"showImageEffects":true,"showParticleSystems":true},"in2DMode":false,"pivot":{"x":6.670461177825928,"y":-0.41940349340438845,"z":2.1679277420043947},"rotation":{"x":-0.050039321184158328,"y":-0.9464333653450012,"z":0.2605392038822174,"w":-0.18455027043819428},"size":8.005271911621094,"orthographic":false}