{"cameraMode":{"drawMode":0,"name":"Shaded","section":"Shading Mode"},"sceneLighting":true,"audioPlay":false,"sceneViewState":{"showFog":true,"showMaterialUpdate":false,"showSkybox":true,"showFlares":true,"showImageEffects":true,"showParticleSystems":true},"in2DMode":false,"pivot":{"x":1.4080601930618287,"y":0.15101687610149384,"z":-5.527059078216553},"rotation":{"x":0.07555929571390152,"y":0.9216359257698059,"z":-0.30048394203186037,"w":0.23405449092388154},"size":8.433259010314942,"orthographic":false}