{"cameraMode":{"drawMode":0,"name":"Shaded","section":"Shading Mode"},"sceneLighting":true,"audioPlay":false,"sceneViewState":{"showFog":true,"showMaterialUpdate":false,"showSkybox":true,"showFlares":true,"showImageEffects":true,"showParticleSystems":true},"in2DMode":false,"pivot":{"x":1121.90283203125,"y":530.5208129882813,"z":-130.99114990234376},"rotation":{"x":0.047015391290187839,"y":0.16643226146697999,"z":-0.007940658368170262,"w":0.9849153757095337},"size":446.571044921875,"orthographic":false}