{"cameraMode":{"drawMode":0,"name":"Shaded","section":"Shading Mode"},"sceneLighting":false,"audioPlay":false,"sceneViewState":{"showFog":true,"showMaterialUpdate":false,"showSkybox":false,"showFlares":true,"showImageEffects":true,"showParticleSystems":true},"in2DMode":false,"pivot":{"x":-1.066499948501587,"y":3.7094998359680177,"z":-4.333499908447266},"rotation":{"x":0.07690542936325073,"y":0.8521736860275269,"z":-0.13089048862457276,"w":0.5007902383804321},"size":1.97740638256073,"orthographic":false}