{"cameraMode":{"drawMode":0,"name":"Shaded","section":"Shading Mode"},"sceneLighting":false,"audioPlay":false,"sceneViewState":{"showFog":true,"showMaterialUpdate":false,"showSkybox":false,"showFlares":true,"showImageEffects":true,"showParticleSystems":true},"in2DMode":false,"pivot":{"x":914.272705078125,"y":527.527099609375,"z":32.9495849609375},"rotation":{"x":-0.07374347001314163,"y":-0.004494489170610905,"z":-0.0000956089497776702,"w":-0.9973140954971314},"size":678.1072998046875,"orthographic":false}