{"cameraMode":{"drawMode":0,"name":"Shaded","section":"Shading Mode"},"sceneLighting":true,"audioPlay":false,"sceneViewState":{"showFog":true,"showMaterialUpdate":false,"showSkybox":true,"showFlares":true,"showImageEffects":true,"showParticleSystems":true},"in2DMode":false,"pivot":{"x":-1.3813250064849854,"y":-2.147273540496826,"z":-3.0436887741088869},"rotation":{"x":0.26433417201042178,"y":-0.0929315909743309,"z":0.025920623913407327,"w":0.9596742391586304},"size":7.407240390777588,"orthographic":false}