{"cameraMode":{"drawMode":0,"name":"Shaded","section":"Shading Mode"},"sceneLighting":false,"audioPlay":false,"sceneViewState":{"showFog":true,"showMaterialUpdate":false,"showSkybox":false,"showFlares":true,"showImageEffects":true,"showParticleSystems":true},"in2DMode":false,"pivot":{"x":1340.828369140625,"y":486.9895935058594,"z":-45.05615234375},"rotation":{"x":-0.010809917002916336,"y":-0.010479312390089035,"z":-0.0003066484641749412,"w":-0.9999306201934815},"size":342.6741027832031,"orthographic":false}