{"cameraMode":{"drawMode":0,"name":"Shaded","section":"Shading Mode"},"sceneLighting":true,"audioPlay":false,"sceneViewState":{"showFog":true,"showMaterialUpdate":false,"showSkybox":true,"showFlares":true,"showImageEffects":true,"showParticleSystems":true},"in2DMode":false,"pivot":{"x":3.4973554611206056,"y":0.6426348686218262,"z":17.134197235107423},"rotation":{"x":0.09095403552055359,"y":0.19324499368667603,"z":-0.018783345818519594,"w":0.9769008159637451},"size":13.095293045043946,"orthographic":false}