{"cameraMode":{"drawMode":0,"name":"Shaded","section":"Shading Mode"},"sceneLighting":false,"audioPlay":false,"sceneViewState":{"showFog":true,"showMaterialUpdate":false,"showSkybox":false,"showFlares":true,"showImageEffects":true,"showParticleSystems":true},"in2DMode":false,"pivot":{"x":789.16943359375,"y":865.861328125,"z":-13.4375},"rotation":{"x":-0.022801954299211503,"y":0.006013976875692606,"z":-0.0005571095971390605,"w":-0.9997656941413879},"size":478.05120849609377,"orthographic":true}