{"cameraMode":{"drawMode":0,"name":"Shaded","section":"Shading Mode"},"sceneLighting":false,"audioPlay":false,"sceneViewState":{"showFog":true,"showMaterialUpdate":false,"showSkybox":false,"showFlares":true,"showImageEffects":true,"showParticleSystems":true},"in2DMode":false,"pivot":{"x":-0.7229612469673157,"y":3.4629297256469728,"z":-4.33349609375},"rotation":{"x":0.12161280959844589,"y":0.8686280250549316,"z":-0.2624019980430603,"w":0.40234845876693728},"size":2.1481552124023439,"orthographic":true}