{"cameraMode":{"drawMode":0,"name":"Shaded","section":"Shading Mode"},"sceneLighting":false,"audioPlay":false,"sceneViewState":{"showFog":true,"showMaterialUpdate":false,"showSkybox":false,"showFlares":true,"showImageEffects":true,"showParticleSystems":true},"in2DMode":false,"pivot":{"x":964.5491943359375,"y":475.0728759765625,"z":-41.8779296875},"rotation":{"x":-0.0706237405538559,"y":-0.0657946988940239,"z":0.004246184602379799,"w":-0.9953696131706238},"size":902.3142700195313,"orthographic":false}